{"initial_reset_timestamp": 1596109603.1788597, "timestamps": [1596109603.9965906, 1596109606.594481, 1596109612.715351, 1596109619.2434502, 1596109624.8569171], "episode_lengths": [123, 401, 1000, 1000, 968], "episode_rewards": [0.0, 0.0, 0.0, 0.0, 0.0], "episode_types": ["t", "t", "t", "t", "t", "t"]}